{
  "baseline": {
    "scores": [
      0.29217529296875,
      0.28558349609375,
      0.23779296875,
      0.302978515625,
      0.288330078125,
      0.322265625,
      0.3304443359375,
      0.31903076171875,
      0.29962158203125,
      0.30865478515625,
      0.28668212890625,
      0.289306640625,
      0.28765869140625,
      0.28912353515625,
      0.24725341796875,
      0.3201904296875,
      0.28704833984375,
      0.3095703125,
      0.334716796875,
      0.2930908203125,
      0.240966796875,
      0.29052734375,
      0.28741455078125,
      0.28729248046875,
      0.25970458984375,
      0.26922607421875,
      0.29449462890625,
      0.2711181640625,
      0.3212890625,
      0.34747314453125,
      0.29693603515625,
      0.337890625,
      0.31597900390625,
      0.30865478515625,
      0.3126220703125,
      0.25372314453125,
      0.24688720703125,
      0.27166748046875,
      0.2926025390625,
      0.28656005859375,
      0.31597900390625,
      0.33837890625,
      0.3489990234375,
      0.3409423828125,
      0.35772705078125,
      0.32830810546875,
      0.359130859375,
      0.35125732421875,
      0.334228515625,
      0.37103271484375,
      0.32415771484375,
      0.36517333984375,
      0.30169677734375,
      0.34747314453125,
      0.32879638671875,
      0.34228515625,
      0.33343505859375,
      0.30169677734375,
      0.33233642578125,
      0.34918212890625,
      0.27490234375,
      0.3004150390625,
      0.25341796875,
      0.2783203125,
      0.267578125,
      0.245025634765625,
      0.244781494140625,
      0.25048828125,
      0.241912841796875,
      0.2357177734375,
      0.35302734375,
      0.32568359375,
      0.3421630859375,
      0.33245849609375,
      0.33367919921875,
      0.32403564453125,
      0.30316162109375,
      0.3233642578125,
      0.3101806640625,
      0.3372802734375,
      0.35760498046875,
      0.25189208984375,
      0.293212890625,
      0.248992919921875,
      0.273101806640625,
      0.27215576171875,
      0.314453125,
      0.2919921875,
      0.2784423828125,
      0.29827880859375,
      0.256805419921875,
      0.280975341796875,
      0.27447509765625,
      0.26824951171875,
      0.24566650390625,
      0.2679443359375,
      0.274200439453125,
      0.2681884765625,
      0.289520263671875,
      0.26007080078125
    ],
    "mean": 0.29940582275390626
  },
  "approach5": {
    "scores": [
      0.29364013671875,
      0.24945068359375,
      0.2467041015625,
      0.29034423828125,
      0.2681884765625,
      0.31231689453125,
      0.30731201171875,
      0.29742431640625,
      0.286376953125,
      0.2979736328125,
      0.28009033203125,
      0.24652099609375,
      0.3089599609375,
      0.25250244140625,
      0.18017578125,
      0.32122802734375,
      0.168304443359375,
      0.260894775390625,
      0.255584716796875,
      0.26031494140625,
      0.185394287109375,
      0.200714111328125,
      0.218475341796875,
      0.27325439453125,
      0.1968994140625,
      0.195098876953125,
      0.203399658203125,
      0.222503662109375,
      0.227630615234375,
      0.28466796875,
      0.30267333984375,
      0.32586669921875,
      0.29498291015625,
      0.243560791015625,
      0.282958984375,
      0.259185791015625,
      0.243072509765625,
      0.2313232421875,
      0.20159912109375,
      0.260223388671875,
      0.3128662109375,
      0.32177734375,
      0.36102294921875,
      0.3043212890625,
      0.32525634765625,
      0.3248291015625,
      0.2969970703125,
      0.347900390625,
      0.2926025390625,
      0.33306884765625,
      0.301025390625,
      0.3330078125,
      0.260009765625,
      0.333984375,
      0.26385498046875,
      0.3038330078125,
      0.3192138671875,
      0.17620849609375,
      0.2950439453125,
      0.309814453125,
      0.26654052734375,
      0.26171875,
      0.26007080078125,
      0.223358154296875,
      0.2620849609375,
      0.24151611328125,
      0.24212646484375,
      0.26116943359375,
      0.241455078125,
      0.24652099609375,
      0.22955322265625,
      0.30499267578125,
      0.26409912109375,
      0.259552001953125,
      0.3135986328125,
      0.29998779296875,
      0.2818603515625,
      0.2657470703125,
      0.32867431640625,
      0.26812744140625,
      0.248565673828125,
      0.2711181640625,
      0.2322998046875,
      0.22711181640625,
      0.2562255859375,
      0.274322509765625,
      0.25628662109375,
      0.3037109375,
      0.21337890625,
      0.251861572265625,
      0.23822021484375,
      0.26116943359375,
      0.227294921875,
      0.261810302734375,
      0.261505126953125,
      0.30438232421875,
      0.282470703125,
      0.2939453125,
      0.32391357421875,
      0.268463134765625
    ],
    "mean": 0.2693524169921875
  },
  "approach6": {
    "scores": [
      0.29052734375,
      0.248931884765625,
      0.241455078125,
      0.251312255859375,
      0.241790771484375,
      0.3115234375,
      0.30621337890625,
      0.297119140625,
      0.2864990234375,
      0.2982177734375,
      0.2822265625,
      0.247161865234375,
      0.3065185546875,
      0.24725341796875,
      0.17987060546875,
      0.30169677734375,
      0.2667236328125,
      0.2777099609375,
      0.2784423828125,
      0.2567138671875,
      0.21295166015625,
      0.22259521484375,
      0.19342041015625,
      0.28118896484375,
      0.205322265625,
      0.194976806640625,
      0.20477294921875,
      0.2239990234375,
      0.23028564453125,
      0.28564453125,
      0.2974853515625,
      0.30059814453125,
      0.285064697265625,
      0.29327392578125,
      0.2772216796875,
      0.228668212890625,
      0.257293701171875,
      0.244659423828125,
      0.228729248046875,
      0.230804443359375,
      0.31158447265625,
      0.3179931640625,
      0.36175537109375,
      0.316650390625,
      0.331787109375,
      0.32843017578125,
      0.3123779296875,
      0.3441162109375,
      0.2969970703125,
      0.32171630859375,
      0.3043212890625,
      0.32354736328125,
      0.25555419921875,
      0.33575439453125,
      0.2391357421875,
      0.29193115234375,
      0.2843017578125,
      0.15814208984375,
      0.28875732421875,
      0.28778076171875,
      0.2657470703125,
      0.263580322265625,
      0.270416259765625,
      0.234161376953125,
      0.2625732421875,
      0.237823486328125,
      0.23675537109375,
      0.2598876953125,
      0.251312255859375,
      0.247528076171875,
      0.234771728515625,
      0.2520751953125,
      0.28106689453125,
      0.254608154296875,
      0.2799072265625,
      0.29986572265625,
      0.2952880859375,
      0.27996826171875,
      0.3018798828125,
      0.29510498046875,
      0.276275634765625,
      0.30401611328125,
      0.259368896484375,
      0.2313232421875,
      0.31622314453125,
      0.276763916015625,
      0.22625732421875,
      0.29278564453125,
      0.185882568359375,
      0.247344970703125,
      0.23870849609375,
      0.261505126953125,
      0.22650146484375,
      0.26214599609375,
      0.261962890625,
      0.30413818359375,
      0.28240966796875,
      0.293853759765625,
      0.32452392578125,
      0.268310546875
    ],
    "mean": 0.2697412109375
  },