{
  "config": {
    "clip_model": "ViT-L/14",
    "mask_bg": true
  },
  "attribute_winrate": {
    "approaches": [
      "spacecontrol",
      "multigen"
    ],
    "wins": {
      "spacecontrol": 8,
      "multigen": 11
    },
    "ties": 0,
    "total": 19
  },
  "by_approach": {
    "spacecontrol": {
      "mean": 0.2394657999277115,
      "min": 0.22041690349578857,
      "max": 0.25980472564697266,
      "local_mean": 0.21245781112876205,
      "n": 5,
      "records": [
        {
          "shape_id": "bench_f8aa82e7e4c58ce29d31c5ce17cce95d",
          "prompt_idx": 0,
          "prompt": "A garden bench with black wrought iron legs, green painted armrests, a natural pine seat, and a white backrest",
          "score": 0.25980472564697266,
          "n_views": 4,
          "local_score": 0.2116354126483202,
          "local_per_phrase": {
            "black wrought iron leg bottom": 0.19255121052265167,
            "black wrought iron leg upper": 0.21196222305297852,
            "green painted armrest": 0.24187079071998596,
            "natural pine seat": 0.20246413350105286,
            "white backrest": 0.19995000958442688
          },
          "local_per_attribute": {
            "black wrought iron": 0.2022567167878151,
            "green painted": 0.24187079071998596,
            "natural pine": 0.20246413350105286,
            "white": 0.19995000958442688
          }
        },
        {
          "shape_id": "bench_f8aa82e7e4c58ce29d31c5ce17cce95d",
          "prompt_idx": 1,
          "prompt": "A garden bench with brown wooden legs, cream-colored armrests, a red-painted seat, and a dark brown backrest",
          "score": 0.22041690349578857,
          "n_views": 4,
          "local_score": 0.2175818532705307,
          "local_per_phrase": {
            "brown wooden bottom left leg": 0.17232826352119446,
            "brown wooden bottom right leg": 0.17468148469924927,
            "brown wooden upper left leg": 0.18296203017234802,
            "brown wooden upper right leg": 0.1858338713645935,
            "cream-colored armrest": 0.23405474424362183,
            "dark brown backrest": 0.20942634344100952,
            "red-painted seat": 0.24789491295814514
          },
          "local_per_attribute": {
            "brown wooden": 0.1789514124393463,
            "cream-colored": 0.23405474424362183,
            "dark brown": 0.20942634344100952,
            "red-painted": 0.24789491295814514
          }
        },
        {
          "shape_id": "bench_f8aa82e7e4c58ce29d31c5ce17cce95d",
          "prompt_idx": 2,
          "prompt": "A garden bench with brass-finished legs, walnut armrests, a forest green seat, and a matching green backrest",
          "score": 0.2444663941860199,
          "n_views": 4,
          "local_score": 0.19592763069603178,
          "local_per_phrase": {
            "brass-finished bottom left leg": 0.16049030423164368,
            "brass-finished bottom right leg": 0.16437795758247375,
            "brass-finished upper left leg": 0.16457903385162354,
            "brass-finished upper right leg": 0.16590359807014465,
            "forest green backrest": 0.22427743673324585,
            "forest green seat": 0.24839937686920166,
            "walnut left armrest": 0.19029268622398376,
            "walnut middle armrest": 0.1889496147632599,
            "walnut right armrest": 0.1835779845714569
          },
          "local_per_attribute": {
            "brass-finished": 0.1638377234339714,
            "forest green": 0.23633840680122375,
            "walnut": 0.18760676185290018
          }
        },
        {
          "shape_id": "bench_f8aa82e7e4c58ce29d31c5ce17cce95d",
          "prompt_idx": 3,
          "prompt": "A garden bench with grey stone-textured legs, light oak armrests, a navy blue cushioned seat, and a white backrest",
          "score": 0.23395241796970367,
          "n_views": 4,
          "local_score": 0.21261124623318514,
          "local_per_phrase": {
            "grey stone-textured bottom left leg": 0.18538305163383484,
            "grey stone-textured bottom right leg": 0.18668948113918304,
            "grey stone-textured upper left leg": 0.19141270220279694,
            "grey stone-textured upper right leg": 0.19381994009017944,
            "light oak left armrest": 0.21412689983844757,
            "light oak middle armrest": 0.20020827651023865,
            "light oak right armrest": 0.20802199840545654,
            "navy blue cushioned seat": 0.27141448855400085,
            "white backrest": 0.18225181102752686
          },
          "local_per_attribute": {
            "grey stone-textured": 0.18932629376649857,
            "light oak": 0.20745239158471426,
            "navy blue": 0.27141448855400085,
            "white": 0.18225181102752686
          }
        },
        {
          "shape_id": "bench_f8aa82e7e4c58ce29d31c5ce17cce95d",
          "prompt_idx": 4,
          "prompt": "A garden bench with copper-patina legs, teak armrests, a charcoal grey seat, and a beige backrest",
          "score": 0.23868855834007263,
          "n_views": 4,
          "local_score": 0.22453291279574236,
          "local_per_phrase": {
            "beige backrest": 0.23227480053901672,
            "charcoal grey seat": 0.24735133349895477,
            "copper-patina bottom left leg": 0.18405619263648987,
            "copper-patina bottom right leg": 0.17750853300094604,
            "copper-patina upper left leg": 0.18790185451507568,
            "copper-patina upper right leg": 0.18718671798706055,
            "teak left armrest": 0.24380572140216827,
            "teak middle armrest": 0.23079565167427063,
            "teak right armrest": 0.22842520475387573
          },
          "local_per_attribute": {
            "beige": 0.23227480053901672,
            "charcoal grey": 0.24735133349895477,
            "copper-patina": 0.18416332453489304,
            "teak": 0.2343421926101049
          }
        }
      ]
    },
    "multigen": {
      "mean": 0.23640057146549226,
      "min": 0.22492220997810364,
      "max": 0.24927636981010437,
      "local_mean": 0.2121264768557416,
      "n": 5,
      "records": [
        {
          "shape_id": "bench_f8aa82e7e4c58ce29d31c5ce17cce95d",
          "prompt_idx": 0,
          "prompt": "A garden bench with black wrought iron legs, green painted armrests, a natural pine seat, and a white backrest",
          "score": 0.24755658209323883,
          "n_views": 4,
          "local_score": 0.19690344110131264,
          "local_per_phrase": {
            "black wrought iron leg bottom": 0.15030255913734436,
            "black wrought iron leg upper": 0.17090165615081787,
            "green painted armrest": 0.24191883206367493,
            "natural pine seat": 0.17031210660934448,
            "white backrest": 0.21478071808815002
          },
          "local_per_attribute": {
            "black wrought iron": 0.16060210764408112,
            "green painted": 0.24191883206367493,
            "natural pine": 0.17031210660934448,
            "white": 0.21478071808815002
          }
        },
        {
          "shape_id": "bench_f8aa82e7e4c58ce29d31c5ce17cce95d",
          "prompt_idx": 1,
          "prompt": "A garden bench with brown wooden legs, cream-colored armrests, a red-painted seat, and a dark brown backrest",
          "score": 0.22644054889678955,
          "n_views": 4,
          "local_score": 0.23139361944049597,
          "local_per_phrase": {
            "brown wooden bottom left leg": 0.198887437582016,
            "brown wooden bottom right leg": 0.20104697346687317,
            "brown wooden upper left leg": 0.2086142748594284,
            "brown wooden upper right leg": 0.20770639181137085,
            "cream-colored armrest": 0.24113401770591736,
            "dark brown backrest": 0.23109200596809387,
            "red-painted seat": 0.24928468465805054
          },