{
  "config": {
    "clip_model": "ViT-L/14",
    "mask_bg": false
  },
  "by_approach": {
    "spacecontrol": {
      "mean": 0.26023087203502654,
      "min": 0.23916281759738922,
      "max": 0.2831621766090393,
      "local_mean": 0.2134059941810038,
      "n": 5,
      "records": [
        {
          "shape_id": "bench_f8aa82e7e4c58ce29d31c5ce17cce95d",
          "prompt_idx": 0,
          "prompt": "A garden bench with black wrought iron legs, green painted armrests, a natural pine seat, and a white backrest",
          "score": 0.26552408933639526,
          "n_views": 4,
          "local_score": 0.20297690108418465,
          "local_per_phrase": {
            "black wrought iron leg bottom": 0.1936323344707489,
            "black wrought iron leg upper": 0.20785555243492126,
            "green painted armrest": 0.22252124547958374,
            "natural pine seat": 0.1977703720331192,
            "white backrest": 0.19087204337120056
          },
          "local_per_attribute": {
            "black wrought iron": 0.20074394345283508,
            "green painted": 0.22252124547958374,
            "natural pine": 0.1977703720331192,
            "white": 0.19087204337120056
          }
        },
        {
          "shape_id": "bench_f8aa82e7e4c58ce29d31c5ce17cce95d",
          "prompt_idx": 1,
          "prompt": "A garden bench with brown wooden legs, cream-colored armrests, a red-painted seat, and a dark brown backrest",
          "score": 0.23916281759738922,
          "n_views": 4,
          "local_score": 0.22374924179166555,
          "local_per_phrase": {
            "brown wooden bottom left leg": 0.18973149359226227,
            "brown wooden bottom right leg": 0.19260796904563904,
            "brown wooden upper left leg": 0.20023757219314575,
            "brown wooden upper right leg": 0.19985663890838623,
            "cream-colored armrest": 0.22874191403388977,
            "dark brown backrest": 0.2168603092432022,
            "red-painted seat": 0.2537863254547119
          },
          "local_per_attribute": {
            "brown wooden": 0.19560841843485832,
            "cream-colored": 0.22874191403388977,
            "dark brown": 0.2168603092432022,
            "red-painted": 0.2537863254547119
          }
        },
        {
          "shape_id": "bench_f8aa82e7e4c58ce29d31c5ce17cce95d",
          "prompt_idx": 2,
          "prompt": "A garden bench with brass-finished legs, walnut armrests, a forest green seat, and a matching green backrest",
          "score": 0.2831621766090393,
          "n_views": 4,
          "local_score": 0.20115245588951639,
          "local_per_phrase": {
            "brass-finished bottom left leg": 0.15659689903259277,
            "brass-finished bottom right leg": 0.15620547533035278,
            "brass-finished upper left leg": 0.1636074185371399,
            "brass-finished upper right leg": 0.16271023452281952,
            "forest green backrest": 0.2401582896709442,
            "forest green seat": 0.2552117109298706,
            "walnut left armrest": 0.19289129972457886,
            "walnut middle armrest": 0.2049933671951294,
            "walnut right armrest": 0.19009241461753845
          },
          "local_per_attribute": {
            "brass-finished": 0.15978000685572624,
            "forest green": 0.2476850003004074,
            "walnut": 0.19599236051241556
          }
        },
        {
          "shape_id": "bench_f8aa82e7e4c58ce29d31c5ce17cce95d",
          "prompt_idx": 3,
          "prompt": "A garden bench with grey stone-textured legs, light oak armrests, a navy blue cushioned seat, and a white backrest",
          "score": 0.26135221123695374,
          "n_views": 4,
          "local_score": 0.22137595806270838,
          "local_per_phrase": {
            "grey stone-textured bottom left leg": 0.21298499405384064,
            "grey stone-textured bottom right leg": 0.2123609185218811,
            "grey stone-textured upper left leg": 0.2180745005607605,
            "grey stone-textured upper right leg": 0.21763890981674194,
            "light oak left armrest": 0.211568683385849,
            "light oak middle armrest": 0.19779835641384125,
            "light oak right armrest": 0.20625446736812592,
            "navy blue cushioned seat": 0.27858394384384155,
            "white backrest": 0.1864478886127472
          },
          "local_per_attribute": {
            "grey stone-textured": 0.21526483073830605,
            "light oak": 0.20520716905593872,
            "navy blue": 0.27858394384384155,
            "white": 0.1864478886127472
          }
        },
        {
          "shape_id": "bench_f8aa82e7e4c58ce29d31c5ce17cce95d",
          "prompt_idx": 4,
          "prompt": "A garden bench with copper-patina legs, teak armrests, a charcoal grey seat, and a beige backrest",
          "score": 0.2519530653953552,
          "n_views": 4,
          "local_score": 0.2177754140769442,
          "local_per_phrase": {
            "beige backrest": 0.2222965508699417,
            "charcoal grey seat": 0.2418796867132187,
            "copper-patina bottom left leg": 0.17557202279567719,
            "copper-patina bottom right leg": 0.16760560870170593,
            "copper-patina upper left leg": 0.1794644296169281,
            "copper-patina upper right leg": 0.17428788542747498,
            "teak left armrest": 0.23584279417991638,
            "teak middle armrest": 0.2349298745393753,
            "teak right armrest": 0.22730612754821777
          },
          "local_per_attribute": {
            "beige": 0.2222965508699417,
            "charcoal grey": 0.2418796867132187,
            "copper-patina": 0.17423248663544655,
            "teak": 0.23269293208916983
          }
        }
      ]
    },
    "multigen": {
      "mean": 0.24484365284442902,
      "min": 0.23099789023399353,
      "max": 0.26355990767478943,
      "local_mean": 0.21269063394930626,
      "n": 5,
      "records": [
        {
          "shape_id": "bench_f8aa82e7e4c58ce29d31c5ce17cce95d",
          "prompt_idx": 0,
          "prompt": "A garden bench with black wrought iron legs, green painted armrests, a natural pine seat, and a white backrest",
          "score": 0.2532515823841095,
          "n_views": 4,
          "local_score": 0.19364306144416332,
          "local_per_phrase": {
            "black wrought iron leg bottom": 0.16301028430461884,
            "black wrought iron leg upper": 0.17889708280563354,
            "green painted armrest": 0.23415756225585938,
            "natural pine seat": 0.1598002016544342,
            "white backrest": 0.20966079831123352
          },
          "local_per_attribute": {
            "black wrought iron": 0.1709536835551262,
            "green painted": 0.23415756225585938,
            "natural pine": 0.1598002016544342,
            "white": 0.20966079831123352
          }
        },
        {
          "shape_id": "bench_f8aa82e7e4c58ce29d31c5ce17cce95d",
          "prompt_idx": 1,
          "prompt": "A garden bench with brown wooden legs, cream-colored armrests, a red-painted seat, and a dark brown backrest",
          "score": 0.2371969372034073,
          "n_views": 4,
          "local_score": 0.23437692876905203,
          "local_per_phrase": {
            "brown wooden bottom left leg": 0.20252172648906708,
            "brown wooden bottom right leg": 0.2036762535572052,
            "brown wooden upper left leg": 0.21360741555690765,
            "brown wooden upper right leg": 0.2109648436307907,
            "cream-colored armrest": 0.24305877089500427,
            "dark brown backrest": 0.22785496711730957,
            "red-painted seat": 0.2589014172554016
          },
          "local_per_attribute": {
            "brown wooden": 0.20769255980849266,
            "cream-colored": 0.24305877089500427,
            "dark brown": 0.22785496711730957,