{
  "config": {
    "clip_model": "ViT-B/32",
    "mask_bg": true
  },
  "by_approach": {
    "spacecontrol": {
      "mean": 0.3010623037815094,
      "min": 0.28768259286880493,
      "max": 0.31446394324302673,
      "local_mean": 0.2770999543368816,
      "n": 5,
      "records": [
        {
          "shape_id": "bench_f8aa82e7e4c58ce29d31c5ce17cce95d",
          "prompt_idx": 0,
          "prompt": "A garden bench with black wrought iron legs, green painted armrests, a natural pine seat, and a white backrest",
          "score": 0.3064190447330475,
          "n_views": 4,
          "local_score": 0.2786244824528694,
          "local_per_phrase": {
            "black wrought iron leg bottom": 0.2589828372001648,
            "black wrought iron leg upper": 0.2674737572669983,
            "green painted armrest": 0.3177723288536072,
            "natural pine seat": 0.26241084933280945,
            "white backrest": 0.2710864543914795
          },
          "local_per_attribute": {
            "black wrought iron": 0.26322829723358154,
            "green painted": 0.3177723288536072,
            "natural pine": 0.26241084933280945,
            "white": 0.2710864543914795
          }
        },
        {
          "shape_id": "bench_f8aa82e7e4c58ce29d31c5ce17cce95d",
          "prompt_idx": 1,
          "prompt": "A garden bench with brown wooden legs, cream-colored armrests, a red-painted seat, and a dark brown backrest",
          "score": 0.2915550172328949,
          "n_views": 4,
          "local_score": 0.2900144197046757,
          "local_per_phrase": {
            "brown wooden bottom left leg": 0.2597637176513672,
            "brown wooden bottom right leg": 0.2581767737865448,
            "brown wooden upper left leg": 0.263094037771225,
            "brown wooden upper right leg": 0.2639446258544922,
            "cream-colored armrest": 0.2979210615158081,
            "dark brown backrest": 0.28130149841308594,
            "red-painted seat": 0.31959033012390137
          },
          "local_per_attribute": {
            "brown wooden": 0.2612447887659073,
            "cream-colored": 0.2979210615158081,
            "dark brown": 0.28130149841308594,
            "red-painted": 0.31959033012390137
          }
        },
        {
          "shape_id": "bench_f8aa82e7e4c58ce29d31c5ce17cce95d",
          "prompt_idx": 2,
          "prompt": "A garden bench with brass-finished legs, walnut armrests, a forest green seat, and a matching green backrest",
          "score": 0.31446394324302673,
          "n_views": 4,
          "local_score": 0.2753218164046605,
          "local_per_phrase": {
            "brass-finished bottom left leg": 0.24324022233486176,
            "brass-finished bottom right leg": 0.24752597510814667,
            "brass-finished upper left leg": 0.2506200075149536,
            "brass-finished upper right leg": 0.25342950224876404,
            "forest green backrest": 0.31001192331314087,
            "forest green seat": 0.30664023756980896,
            "walnut left armrest": 0.26432329416275024,
            "walnut middle armrest": 0.27848947048187256,
            "walnut right armrest": 0.2639935612678528
          },
          "local_per_attribute": {
            "brass-finished": 0.24870392680168152,
            "forest green": 0.3083260804414749,
            "walnut": 0.2689354419708252
          }
        },
        {
          "shape_id": "bench_f8aa82e7e4c58ce29d31c5ce17cce95d",
          "prompt_idx": 3,
          "prompt": "A garden bench with grey stone-textured legs, light oak armrests, a navy blue cushioned seat, and a white backrest",
          "score": 0.30519092082977295,
          "n_views": 4,
          "local_score": 0.2806895499428113,
          "local_per_phrase": {
            "grey stone-textured bottom left leg": 0.2490147054195404,
            "grey stone-textured bottom right leg": 0.2533896863460541,
            "grey stone-textured upper left leg": 0.2546761631965637,
            "grey stone-textured upper right leg": 0.25985729694366455,
            "light oak left armrest": 0.2558360695838928,
            "light oak middle armrest": 0.2886584997177124,
            "light oak right armrest": 0.2634401321411133,
            "navy blue cushioned seat": 0.3250076472759247,
            "white backrest": 0.2742045223712921
          },
          "local_per_attribute": {
            "grey stone-textured": 0.2542344629764557,
            "light oak": 0.2693115671475728,
            "navy blue": 0.3250076472759247,
            "white": 0.2742045223712921
          }
        },
        {
          "shape_id": "bench_f8aa82e7e4c58ce29d31c5ce17cce95d",
          "prompt_idx": 4,
          "prompt": "A garden bench with copper-patina legs, teak armrests, a charcoal grey seat, and a beige backrest",
          "score": 0.28768259286880493,
          "n_views": 4,
          "local_score": 0.2608495031793912,
          "local_per_phrase": {
            "beige backrest": 0.2872951328754425,
            "charcoal grey seat": 0.22005358338356018,
            "copper-patina bottom left leg": 0.26265689730644226,
            "copper-patina bottom right leg": 0.26043441891670227,
            "copper-patina upper left leg": 0.27027755975723267,
            "copper-patina upper right leg": 0.2668761610984802,
            "teak left armrest": 0.2628808617591858,
            "teak middle armrest": 0.28367382287979126,
            "teak right armrest": 0.26640942692756653
          },
          "local_per_attribute": {
            "beige": 0.2872951328754425,
            "charcoal grey": 0.22005358338356018,
            "copper-patina": 0.26506125926971436,
            "teak": 0.27098803718884784
          }
        }
      ]
    },
    "multigen": {
      "mean": 0.2882626414299011,
      "min": 0.2722650170326233,
      "max": 0.32088780403137207,
      "local_mean": 0.27409441626320286,
      "n": 5,
      "records": [
        {
          "shape_id": "bench_f8aa82e7e4c58ce29d31c5ce17cce95d",
          "prompt_idx": 0,
          "prompt": "A garden bench with black wrought iron legs, green painted armrests, a natural pine seat, and a white backrest",
          "score": 0.28604769706726074,
          "n_views": 4,
          "local_score": 0.2700938805937767,
          "local_per_phrase": {
            "black wrought iron leg bottom": 0.2269689440727234,
            "black wrought iron leg upper": 0.2373027205467224,
            "green painted armrest": 0.30415675044059753,
            "natural pine seat": 0.24966105818748474,
            "white backrest": 0.29442188143730164
          },
          "local_per_attribute": {
            "black wrought iron": 0.2321358323097229,
            "green painted": 0.30415675044059753,
            "natural pine": 0.24966105818748474,
            "white": 0.29442188143730164
          }
        },
        {
          "shape_id": "bench_f8aa82e7e4c58ce29d31c5ce17cce95d",
          "prompt_idx": 1,
          "prompt": "A garden bench with brown wooden legs, cream-colored armrests, a red-painted seat, and a dark brown backrest",
          "score": 0.27503353357315063,
          "n_views": 4,
          "local_score": 0.2913802694529295,
          "local_per_phrase": {
            "brown wooden bottom left leg": 0.2697102129459381,
            "brown wooden bottom right leg": 0.2686313986778259,
            "brown wooden upper left leg": 0.2728685140609741,
            "brown wooden upper right leg": 0.2739468812942505,
            "cream-colored armrest": 0.28845855593681335,
            "dark brown backrest": 0.30153390765190125,
            "red-painted seat": 0.3042393624782562
          },
          "local_per_attribute": {
            "brown wooden": 0.27128925174474716,
            "cream-colored": 0.28845855593681335,
            "dark brown": 0.30153390765190125,